profile,type
/ahmed.marouen.5,Like
/imen.ma.129,Like
/chadi.hadawi,Like
/souad.hamzaoui.3363,Like
/rayan.rayouna.10485546,Like
/bachir.hani.56481,Like
/salem.fadhlaoui.90,Like
/wahid.saidi.503,Like
/ziedzied.zied.775,Like
/safwen.hizi,Like
/profile.php?id=100034647252682,Like
/profile.php?id=100034536949988,Like
/profile.php?id=100033824916165,Like
/ibtissem.hayder,Like
/amal.abidi.1023,Like
/nader.kok.79,Like
/riadh.ayari.3994,Like
/profile.php?id=100029477888683,Like
/anouar.cherif.357,Like
/dhaoui.dhaoui.581730,Like
/guesmi.yousef.98,Like
/nizar.naili.794,Like
/sousou.souma.758399,Like
/charaf.lmnasri.9,Like
/karim.dg.585,Wow
/myriam.jouini.169,Like
/zarga.aziz.90,Like
/mohamed.nabli.1044,Like
/malek.mahouechi,Like
/sadok.hi.7,Like
/profile.php?id=100023909774835,Love
/hosni.mrabet.77,Like
/rihabkouki.kouki,Wow
/aziz.alouani.3745,Like
/Ziadi.Asma,Like
/hela.zayene10,Like
/profile.php?id=100022707772897,Love
/daoud.khalil.589,Like
/mariem.bensalah.353,Love
/marwen.aridhi.7315,Like
/mohamed.bchikh.5,Like
/profile.php?id=100016471601944,Like
/tass.nim.758,Like
/lahoudi.rouaymia,Like
/mourad.riahi.1848,Like
/aziz.bouthouri.92,Like
/najet.dalel,Like
/alaeddine.mgherbi,Like
/bardi.ranya,Like
/hichem.hammami.1293,Like
/walid.kefi.96,Love
/fethi.chaabi.5,Like
/hamed.msalmi.1,Like
/larbi.hamadi.50,Like
/maher.inoubli.79,Love
/yamina.bouraoui.54,Like
/taissir.hfaysi,Like
/profile.php?id=100011392995584,Like
/donia.cherif.10,Like
/profile.php?id=100011169219314,Like
/faten.foufa.1088893,Like
/profile.php?id=100010708241035,Like
/raouf.mhedhbi.98,Like
/soprano.lacoste,Like
/dali.nagati.5,Love
/simou.samir.399,Love
/mayssa.amri.562,Like
/araar.oussema.52,Love
/roben.aminho,Like
/skanderclub,Like
/profile.php?id=100009468167013,Like
/profile.php?id=100009314273200,Love
/beshir.mbarkii,Love
/mahriz.soudani,Like
/mohamedali.bensaid.52,Like
/profile.php?id=100009208453693,Like
/zou.181,Like
/profile.php?id=100008223496090,Like
/laribi.imed.7,Like
/jamil.loup.9,Like
/youssef.mrabet.14418,Love
/ilyes.soltani.758,Love
/sadam.messaoudi.79,Like
/ahmed.saidi.169405,Like
/houda.sayeh.58,Love
/profile.php?id=100006373724666,Like
/profile.php?id=100006294287818,Love
/HADDADSafa1,Wow
/leo.ala.526,Like
/hassen.ouertani.58,Like
/profile.php?id=100005605639274,Like
/dhiaeddine.abidi.7,Like
/ferid.ayari.92,Like
/sa.mi.967806,Love
/mrr.naser.3,Like
/made.man.108,Love
/omar.hakim.12764,Love
/dejla.deda,Like
/moez.bouzguenda.56,Like
/ABDENNOUR01,Like
/profile.php?id=100004546537942,Love
/bilelnajjar13,Wow
/zarrouki.ahmed.5,Haha
/hassene.msekni.5,Like
/Tarek.Ben.Mohamed.Mbarek.1994,Love
/linda.falleh,Love
/bojj.ghouaidia,Like
/ahmed.toukabri.5,Like
/safwen.manai.9,Like
/mouhibjouini,Like
/medamine.lagha,Like
/profile.php?id=100002867158928,Like
/sallma.sallmouta.23,Love
/gaston.ayari,Like
/souhail.hasni,Like
/mahran.benkhiria.967,Angry
/profile.php?id=100002584065978,Like
/imed.boukoulda,Like
/ayounimohammed,Like
/adel.gziri,Like
/bacem.akermi.3,Like
/bahaeddine.bennour,Like
/prince.aymen1,Like
/slim.hamdaoui,Like
/kimo.here,Like
/lobna.rhimi.3,Like
/omar.ladjimi,Like
/Carmen.Boukari,Love
/wahid.elgorab,Like
/tarek.rzem,Love
/lotfi.marzouki,Like
/ghassen.souissi.75,Like
/lazhar.jordon,Like
/medalins,Like
/abdelkarim.ati.76,Like
/anwer.tha,Like
/krid.mohamed,Like
/Mohamed.Ben.Mechrya,Like
/ybellili,Love
/chroudi.zizou,Like
/dali.padova,Like
/monaem.chihi,Like
/takoua.takouchka,Like
/hichem.abdi.A,Like
/aasla.reine,Like
/hakim.metahni,Like
/moez.chouchene.14,Like
